patient_id,systolic_bp,diastolic_bp,heart_rate,glucose,weight,medication,alcohol,smoking,activity_m,deterioration,deterioration_risk,extra_feature_11,extra_feature_12,extra_feature_13,predicted_class,prob_class_0,prob_class_1
1,0.2872700594236812,0.1935967122017216,0.31235069657748143,0.49170225492671693,0.6282970263056656,0.6324372498865507,0.5252813963310069,0.6850384088698768,0.17396944083047972,1,0.37941491503332114,0.3951502360018144,0.5208342600258237,0.5867511656638482,0,0.7948645710129694,0.20513542898703066
2,0.5753571532049581,0.13485016730091967,0.8819459112971966,0.5521211214797689,0.2976457024564293,0.17574555008352058,0.2193668865811041,0.38276826150402243,0.46128622078567805,1,0.5341111409625963,0.9266588657937942,0.9611720243493491,0.965255307264138,1,0.16939646341597192,0.8306035365840281
3,0.4659969709057026,0.619705687464961,0.7994655844802532,0.6623782158161189,0.4045012539746527,0.4211028619626171,0.14553611508969566,0.25860326840383036,0.10647916125871817,1,0.3034647157558902,0.7272719958564209,0.8445338486781514,0.6070342476866847,1,0.16939646341597192,0.8306035365840281
4,0.3993292420985183,0.4606690070459253,0.4274034664069657,0.615972509321058,0.4564532903055842,0.48208336371239313,0.7642198760773333,0.6105398159072942,0.7801767096006622,1,0.6521824530758493,0.3265407688058354,0.7473201101373809,0.27599918202254337,0,0.860605991629084,0.13939400837091603
5,0.17800932022121826,0.5248435466776273,0.4090949803242604,0.5456145700990209,0.5192489889519252,0.05623132192159823,0.7759424231521916,0.46409149624376084,0.279260585832013,1,0.4833942773489992,0.5704439744053994,0.5396921323890798,0.2962735057040824,1,0.304902882925597,0.695097117074403
